scenario,interactive_diff
battery_off,2.2737367544323206e-13
bess_100mw_200mwh,2.2737367544323206e-13
bess_200mw_500mwh,2.2737367544323206e-13
bess_200mw_800mwh,2.2737367544323206e-13
bess_50mw_100mwh,2.2737367544323206e-13
